2spit,player_id,player_name,season,totpit,2spitpct,2savg,2siso,2sbabip,2sslg,2swoba,abs
255,134181,"Beltré, Adrián",2018,1906,13.4,0.177,0.069,0.287,0.246,0.222,232
213,400121,"Martinez, Victor",2018,1908,11.2,0.196,0.082,0.241,0.278,0.235,194
225,405395,"Pujols, Albert",2018,1807,12.5,0.166,0.107,0.212,0.273,0.225,205
265,405395,"Pujols, Albert",2019,2085,12.7,0.195,0.116,0.238,0.311,0.249,241
306,408045,"Mauer, Joe",2018,2257,13.6,0.215,0.063,0.298,0.278,0.242,284
271,408234,"Cabrera, Miguel",2019,2033,13.3,0.165,0.054,0.276,0.219,0.21,242
276,408234,"Cabrera, Miguel",2021,2035,13.6,0.175,0.06,0.321,0.235,0.223,251
370,425783,"Choo, Shin-Soo",2018,2770,13.4,0.153,0.065,0.293,0.218,0.249,307
375,425783,"Choo, Shin-Soo",2019,2707,13.9,0.185,0.119,0.347,0.304,0.273,319
263,425877,"Molina, Yadier",2018,1969,13.4,0.22,0.106,0.28,0.327,0.263,245
212,425877,"Molina, Yadier",2019,1617,13.1,0.221,0.074,0.303,0.295,0.261,190
225,425877,"Molina, Yadier",2021,1669,13.5,0.172,0.067,0.252,0.239,0.208,209
153,429664,"Canó, Robinson",2018,1256,12.2,0.217,0.085,0.325,0.302,0.289,129
184,429664,"Canó, Robinson",2019,1481,12.4,0.183,0.122,0.28,0.305,0.248,164
296,429665,"Encarnación, Edwin",2018,2293,12.9,0.165,0.092,0.296,0.257,0.236,261
302,429665,"Encarnación, Edwin",2019,2151,14,0.188,0.238,0.215,0.426,0.313,256
233,430832,"Bautista, José",2018,1728,13.5,0.124,0.108,0.25,0.232,0.237,194
286,430945,"Jones, Adam",2018,2167,13.2,0.19,0.084,0.272,0.274,0.214,274
274,430945,"Jones, Adam",2019,1922,14.3,0.191,0.072,0.306,0.263,0.234,251
183,431145,"Martin, Russell",2018,1474,12.4,0.12,0.087,0.219,0.207,0.239,150
154,431145,"Martin, Russell",2019,1066,14.4,0.182,0.058,0.303,0.241,0.231,137
239,434158,"Granderson, Curtis",2018,1752,13.6,0.183,0.135,0.337,0.317,0.27,208
219,434158,"Granderson, Curtis",2019,1571,13.9,0.123,0.112,0.214,0.235,0.224,187
246,434778,"Morales, Kendrys",2018,1908,12.9,0.202,0.11,0.316,0.312,0.27,218
191,435062,"Kendrick, Howie",2019,1397,13.7,0.297,0.18,0.376,0.477,0.355,172
248,435079,"Kinsler, Ian",2018,2086,11.9,0.183,0.1,0.228,0.283,0.231,230
152,435079,"Kinsler, Ian",2019,1082,14,0.186,0.129,0.265,0.314,0.241,140
162,435263,"McCann, Brian",2019,1281,12.6,0.179,0.117,0.233,0.297,0.237,145
206,435522,"Walker, Neil",2018,1585,13,0.162,0.097,0.284,0.259,0.231,185
202,435522,"Walker, Neil",2019,1502,13.4,0.213,0.096,0.357,0.309,0.273,178
331,435622,"Desmond, Ian",2018,2322,14.3,0.17,0.083,0.324,0.253,0.236,288
245,435622,"Desmond, Ian",2019,1830,13.4,0.154,0.11,0.288,0.264,0.208,227
304,443558,"Cruz, Nelson",2018,2282,13.3,0.184,0.113,0.299,0.297,0.264,266
287,443558,"Cruz, Nelson",2019,2115,13.6,0.21,0.245,0.327,0.455,0.308,257
296,443558,"Cruz, Nelson",2021,2198,13.5,0.186,0.148,0.298,0.335,0.26,263
198,444432,"Trumbo, Mark",2018,1411,14,0.19,0.141,0.315,0.332,0.251,184
289,444482,"Peralta, David",2018,2272,12.7,0.184,0.154,0.301,0.338,0.258,266
211,444482,"Peralta, David",2019,1562,13.5,0.194,0.094,0.343,0.288,0.248,191
244,444482,"Peralta, David",2021,2062,11.8,0.17,0.09,0.273,0.26,0.226,223
181,444489,"Piña, Manny",2018,1315,13.8,0.175,0.047,0.266,0.222,0.194,171
262,444876,"Escobar, Alcides",2018,1928,13.6,0.195,0.071,0.269,0.266,0.232,241
193,444876,"Escobar, Alcides",2021,1383,14,0.281,0.101,0.405,0.382,0.316,178
308,445055,"Jay, Jon",2018,2256,13.7,0.207,0.057,0.31,0.264,0.249,280
210,446263,"Duda, Lucas",2018,1496,14,0.18,0.111,0.357,0.291,0.246,189
251,446334,"Longoria, Evan",2018,1932,13,0.172,0.101,0.265,0.273,0.213,238
281,446334,"Longoria, Evan",2019,2018,13.9,0.19,0.119,0.304,0.31,0.253,252
326,448801,"Davis, Chris",2018,2185,14.9,0.091,0.061,0.228,0.152,0.155,296
227,448801,"Davis, Chris",2019,1524,14.9,0.107,0.117,0.267,0.224,0.189,205
245,450314,"Zobrist, Ben",2018,2018,12.1,0.242,0.076,0.317,0.318,0.273,223
176,451594,"Fowler, Dexter",2018,1375,12.8,0.093,0.046,0.156,0.139,0.172,151
330,451594,"Fowler, Dexter",2019,2417,13.7,0.157,0.109,0.289,0.266,0.259,274
166,452095,"Flowers, Tyler",2018,1214,13.7,0.17,0.057,0.344,0.227,0.246,141
182,452095,"Flowers, Tyler",2019,1237,14.7,0.124,0.099,0.315,0.224,0.199,161
178,452254,"Pence, Hunter",2019,1245,14.3,0.231,0.2,0.357,0.431,0.314,160
248,452655,"Span, Denard",2018,1935,12.8,0.188,0.146,0.256,0.333,0.281,213
295,452678,"Cabrera, Asdrúbal",2018,2232,13.2,0.22,0.154,0.354,0.374,0.282,273
271,452678,"Cabrera, Asdrúbal",2019,2089,13,0.181,0.165,0.262,0.346,0.271,237
183,452678,"Cabrera, Asdrúbal",2021,1366,13.4,0.129,0.092,0.22,0.221,0.2,163
364,453568,"Blackmon, Charlie",2018,2724,13.4,0.218,0.17,0.316,0.388,0.29,335
307,453568,"Blackmon, Charlie",2019,2362,13,0.248,0.219,0.34,0.468,0.326,278
278,453568,"Blackmon, Charlie",2021,2144,13,0.191,0.077,0.288,0.268,0.252,246
279,453943,"Frazier, Todd",2018,2010,13.9,0.163,0.135,0.241,0.298,0.236,252
257,453943,"Frazier, Todd",2019,1991,12.9,0.186,0.156,0.287,0.342,0.252,237
199,455104,"Iannetta, Chris",2018,1487,13.4,0.123,0.08,0.233,0.204,0.238,162
224,455117,"Maldonado, Martín",2018,1520,14.7,0.183,0.111,0.311,0.293,0.235,208
186,455117,"Maldonado, Martín",2019,1427,13,0.125,0.036,0.256,0.161,0.176,168
264,455117,"Maldonado, Martín",2021,1789,14.8,0.157,0.052,0.327,0.209,0.224,230
254,455139,"Chirinos, Robinson",2018,1797,14.1,0.156,0.129,0.359,0.284,0.243,225
242,455139,"Chirinos, Robinson",2019,1727,14,0.166,0.151,0.355,0.317,0.265,205
337,455976,"Markakis, Nick",2018,2798,12,0.247,0.135,0.31,0.382,0.311,296
217,455976,"Markakis, Nick",2019,1872,11.6,0.236,0.068,0.326,0.304,0.271,191
152,456078,"Castillo, Welington",2019,991,15.3,0.147,0.147,0.246,0.294,0.206,143
203,456488,"Núñez, Eduardo",2018,1701,11.9,0.218,0.057,0.331,0.275,0.233,193
310,456715,"Cain, Lorenzo",2018,2452,12.6,0.252,0.067,0.376,0.319,0.304,270
314,456715,"Cain, Lorenzo",2019,2508,12.5,0.195,0.052,0.298,0.247,0.227,287
170,456781,"Solano, Donovan",2021,1317,12.9,0.204,0.118,0.297,0.322,0.27,152
376,457705,"McCutchen, Andrew",2018,2889,13,0.192,0.11,0.32,0.302,0.275,318
156,457705,"McCutchen, Andrew",2019,1165,13.4,0.206,0.169,0.303,0.375,0.296,136
303,457705,"McCutchen, Andrew",2021,2308,13.1,0.172,0.142,0.303,0.314,0.269,261
240,457706,"Jackson, Austin",2018,1599,15,0.176,0.05,0.437,0.226,0.215,221
335,457708,"Upton, Justin",2018,2527,13.3,0.15,0.105,0.313,0.255,0.229,294
163,457708,"Upton, Justin",2019,1129,14.4,0.132,0.11,0.259,0.243,0.243,136
217,457708,"Upton, Justin",2021,1520,14.3,0.142,0.12,0.274,0.262,0.24,183
204,457727,"Maybin, Cameron",2018,1515,13.5,0.176,0.022,0.296,0.198,0.216,182
158,457727,"Maybin, Cameron",2019,1121,14.1,0.196,0.112,0.358,0.308,0.256,143
221,457759,"Turner, Justin",2018,1733,12.8,0.291,0.131,0.385,0.422,0.341,199
278,457759,"Turner, Justin",2019,2151,12.9,0.215,0.118,0.305,0.333,0.277,246
306,457759,"Turner, Justin",2021,2465,12.4,0.198,0.082,0.283,0.28,0.261,268
198,457763,"Posey, Buster",2018,1679,11.8,0.247,0.071,0.353,0.318,0.307,170
226,457763,"Posey, Buster",2019,1765,12.8,0.206,0.064,0.308,0.27,0.246,204
229,457763,"Posey, Buster",2021,1757,13,0.211,0.095,0.352,0.307,0.283,199
191,457803,"Bruce, Jay",2018,1423,13.4,0.149,0.125,0.236,0.274,0.239,168
169,457803,"Bruce, Jay",2019,1229,13.8,0.123,0.148,0.187,0.272,0.178,162
306,458015,"Votto, Joey",2018,2504,12.2,0.197,0.052,0.322,0.249,0.286,249
331,458015,"Votto, Joey",2019,2458,13.5,0.186,0.084,0.311,0.27,0.255,285
319,458015,"Votto, Joey",2021,2232,14.3,0.175,0.164,0.257,0.339,0.267,280
332,458731,"Gardner, Brett",2018,2581,12.9,0.185,0.061,0.277,0.246,0.231,297
314,458731,"Gardner, Brett",2019,2381,13.2,0.177,0.133,0.254,0.31,0.229,294
285,458731,"Gardner, Brett",2021,2096,13.6,0.178,0.097,0.283,0.275,0.257,247
158,460026,"Hundley, Nick",2018,1140,13.9,0.133,0.12,0.262,0.253,0.19,150
217,460075,"Braun, Ryan",2018,1581,13.7,0.213,0.149,0.327,0.361,0.271,202
260,460075,"Braun, Ryan",2019,1875,13.9,0.221,0.16,0.367,0.381,0.289,231
292,460086,"Gordon, Alex",2018,2191,13.3,0.137,0.068,0.25,0.205,0.22,249
283,460086,"Gordon, Alex",2019,2350,12,0.18,0.07,0.294,0.25,0.25,244
199,460576,"Gómez, Carlos",2018,1433,13.9,0.125,0.109,0.247,0.234,0.192,184
240,461314,"Kemp, Matt",2018,1833,13.1,0.181,0.118,0.34,0.299,0.242,221
220,462101,"Andrus, Elvis",2018,1627,13.5,0.211,0.059,0.301,0.27,0.243,204
336,462101,"Andrus, Elvis",2019,2528,13.3,0.211,0.086,0.286,0.297,0.232,313
261,462101,"Andrus, Elvis",2021,2053,12.7,0.188,0.046,0.281,0.233,0.22,240
210,465041,"Cervelli, Francisco",2018,1656,12.7,0.202,0.135,0.348,0.337,0.3,178
159,466320,"Cabrera, Melky",2019,1359,11.7,0.234,0.078,0.306,0.312,0.245,154
154,467055,"Sandoval, Pablo",2019,1137,13.5,0.21,0.252,0.313,0.462,0.302,143
189,467092,"Ramos, Wilson",2018,1481,12.8,0.162,0.09,0.294,0.251,0.235,167
208,467092,"Ramos, Wilson",2019,1720,12.1,0.178,0.059,0.27,0.238,0.23,185
351,467793,"Santana, Carlos",2018,2801,12.5,0.174,0.131,0.225,0.305,0.272,298
324,467793,"Santana, Carlos",2019,2793,11.6,0.215,0.197,0.299,0.412,0.32,274
332,467793,"Santana, Carlos",2021,2706,12.3,0.19,0.074,0.274,0.264,0.261,284
200,467827,"Parra, Gerardo",2018,1586,12.6,0.214,0.055,0.352,0.269,0.251,182
231,471865,"González, Carlos",2018,1885,12.3,0.195,0.172,0.35,0.367,0.255,221
189,472528,"Valbuena, Luis",2018,1237,15.3,0.102,0.107,0.178,0.209,0.162,177
234,474568,"Mercer, Jordy",2018,1677,14,0.208,0.081,0.338,0.29,0.238,221
241,474832,"Belt, Brandon",2018,1844,13.1,0.183,0.141,0.32,0.324,0.267,213
324,474832,"Belt, Brandon",2019,2514,12.9,0.167,0.095,0.296,0.261,0.269,264
202,474832,"Belt, Brandon",2021,1578,12.8,0.178,0.29,0.308,0.467,0.335,169
271,475174,"Alonso, Yonder",2018,2201,12.3,0.157,0.116,0.261,0.273,0.226,242
173,475174,"Alonso, Yonder",2019,1370,12.6,0.124,0.085,0.207,0.209,0.195,153
320,475253,"Smoak, Justin",2018,2452,13.1,0.159,0.151,0.311,0.31,0.27,271
256,475253,"Smoak, Justin",2019,2044,12.5,0.16,0.126,0.287,0.286,0.283,206
167,475582,"Zimmerman, Ryan",2018,1292,12.9,0.224,0.19,0.322,0.415,0.319,147
167,475582,"Zimmerman, Ryan",2021,1117,15,0.202,0.123,0.354,0.325,0.235,163
346,476704,"Lowrie, Jed",2018,2738,12.6,0.187,0.137,0.294,0.324,0.281,299
256,476704,"Lowrie, Jed",2021,2033,12.6,0.149,0.075,0.265,0.224,0.215,228
250,488726,"Brantley, Michael",2018,2286,10.9,0.215,0.1,0.28,0.315,0.281,219
273,488726,"Brantley, Michael",2019,2316,11.8,0.264,0.157,0.335,0.421,0.329,242
224,488726,"Brantley, Michael",2021,1868,12,0.252,0.112,0.327,0.364,0.282,214
162,488771,"Castro, Jason",2019,1146,14.1,0.136,0.114,0.298,0.25,0.229,140
198,489149,"Morrison, Logan",2018,1455,13.6,0.148,0.12,0.224,0.268,0.214,183
243,491676,"Hernández, Gorkys",2018,1772,13.7,0.171,0.099,0.321,0.27,0.224,222
234,493329,"Gurriel, Yuli",2018,1908,12.3,0.188,0.076,0.247,0.263,0.215,224
246,493329,"Gurriel, Yuli",2019,2085,11.8,0.265,0.204,0.325,0.47,0.328,230
274,493329,"Gurriel, Yuli",2021,2292,12,0.289,0.151,0.371,0.439,0.351,239
161,500135,"Rodríguez, Ronny",2019,1045,15.4,0.111,0.157,0.164,0.268,0.17,153
215,500208,"Solarte, Yangervis",2018,1773,12.1,0.201,0.085,0.29,0.286,0.242,199
248,500743,"Rojas, Miguel",2018,1960,12.7,0.179,0.031,0.25,0.21,0.207,229
239,500743,"Rojas, Miguel",2019,1867,12.8,0.216,0.05,0.288,0.266,0.234,222
244,500743,"Rojas, Miguel",2021,2001,12.2,0.209,0.089,0.307,0.298,0.253,225
335,500871,"Escobar, Eduardo",2018,2464,13.6,0.208,0.147,0.328,0.355,0.276,307
368,500871,"Escobar, Eduardo",2019,2691,13.7,0.189,0.136,0.264,0.325,0.244,338
315,500871,"Escobar, Eduardo",2021,2404,13.1,0.195,0.15,0.305,0.345,0.268,287
304,500874,"Martínez, José",2018,2358,12.9,0.205,0.108,0.306,0.313,0.254,278
218,500874,"Martínez, José",2019,1567,13.9,0.198,0.083,0.324,0.281,0.257,192
184,501303,"Adrianza, Ehire",2018,1414,13,0.167,0.052,0.304,0.218,0.191,174
158,501571,"Lagares, Juan",2019,1092,14.5,0.103,0.048,0.191,0.152,0.155,145
179,501571,"Lagares, Juan",2021,1237,14.5,0.164,0.129,0.264,0.292,0.214,171
176,501896,"Freese, David",2018,1271,13.8,0.269,0.125,0.465,0.394,0.317,160
339,501981,"Davis, Khris",2018,2514,13.5,0.161,0.139,0.32,0.3,0.235,310
286,501981,"Davis, Khris",2019,2066,13.8,0.102,0.055,0.21,0.157,0.171,254
299,502054,"Pham, Tommy",2018,2246,13.3,0.163,0.123,0.324,0.286,0.268,252
314,502054,"Pham, Tommy",2019,2604,12.1,0.166,0.068,0.295,0.234,0.249,265
299,502054,"Pham, Tommy",2021,2374,12.6,0.163,0.084,0.315,0.247,0.249,251
339,502110,"Martinez, J.D.",2018,2519,13.5,0.193,0.17,0.304,0.364,0.271,305
327,502110,"Martinez, J.D.",2019,2463,13.3,0.178,0.101,0.31,0.28,0.245,286
329,502110,"Martinez, J.D.",2021,2410,13.7,0.177,0.167,0.293,0.344,0.255,299
224,502210,"Reddick, Josh",2018,1902,11.8,0.171,0.121,0.241,0.291,0.251,199
226,502210,"Reddick, Josh",2019,1993,11.3,0.196,0.127,0.257,0.324,0.248,204
202,502481,"Dyson, Jarrod",2019,1700,11.9,0.157,0.045,0.297,0.202,0.216,178
152,502517,"Murphy, Daniel",2018,1275,11.9,0.264,0.129,0.344,0.393,0.313,140
230,502517,"Murphy, Daniel",2019,1821,12.6,0.208,0.145,0.289,0.353,0.275,207
410,502671,"Goldschmidt, Paul",2018,2905,14.1,0.208,0.141,0.376,0.349,0.295,355
414,502671,"Goldschmidt, Paul",2019,2888,14.3,0.202,0.172,0.309,0.374,0.289,361
380,502671,"Goldschmidt, Paul",2021,2751,13.8,0.203,0.125,0.307,0.328,0.266,345
293,503556,"Gonzalez, Marwin",2018,2216,13.2,0.193,0.089,0.343,0.283,0.238,269
248,503556,"Gonzalez, Marwin",2019,1783,13.9,0.162,0.1,0.254,0.262,0.216,229
172,503556,"Gonzalez, Marwin",2021,1203,14.3,0.116,0.058,0.221,0.174,0.174,155
160,506702,"León, Sandy",2018,1160,13.8,0.107,0.053,0.192,0.16,0.151,150
270,514888,"Altuve, Jose",2018,2123,12.7,0.249,0.046,0.366,0.295,0.283,241
255,514888,"Altuve, Jose",2019,1994,12.8,0.255,0.149,0.361,0.404,0.304,235
325,514888,"Altuve, Jose",2021,2489,13.1,0.233,0.154,0.297,0.387,0.302,292
392,514917,"Hernández, César",2018,3009,13,0.192,0.069,0.335,0.26,0.264,334
345,514917,"Hernández, César",2019,2600,13.3,0.206,0.097,0.282,0.303,0.246,320
317,514917,"Hernández, César",2021,2457,12.9,0.154,0.066,0.265,0.22,0.21,286
263,516416,"Segura, Jean",2018,2209,11.9,0.258,0.069,0.341,0.327,0.27,248
269,516416,"Segura, Jean",2019,2232,12.1,0.222,0.091,0.301,0.313,0.255,252
291,516416,"Segura, Jean",2021,2182,13.3,0.233,0.102,0.308,0.335,0.275,266
318,516770,"Castro, Starlin",2018,2417,13.2,0.232,0.098,0.375,0.33,0.267,297
311,516770,"Castro, Starlin",2019,2485,12.5,0.191,0.097,0.277,0.289,0.214,298
169,516770,"Castro, Starlin",2021,1292,13.1,0.185,0.08,0.286,0.265,0.213,162
314,516782,"Marte, Starling",2018,2267,13.9,0.199,0.077,0.309,0.275,0.241,287
285,516782,"Marte, Starling",2019,2127,13.4,0.231,0.123,0.333,0.354,0.277,260
257,516782,"Marte, Starling",2021,1970,13,0.198,0.062,0.344,0.26,0.25,227
242,517369,"Pirela, José",2018,1818,13.3,0.183,0.045,0.304,0.228,0.215,224
176,518586,"Culberson, Charlie",2018,1172,15,0.16,0.11,0.293,0.27,0.216,163
218,518595,"d'Arnaud, Travis",2019,1506,14.5,0.199,0.163,0.299,0.362,0.266,196
233,518614,"Descalso, Daniel",2018,1729,13.5,0.133,0.144,0.238,0.277,0.248,195
304,518618,"Dietrich, Derek",2018,2163,14.1,0.185,0.096,0.341,0.281,0.237,281
164,518618,"Dietrich, Derek",2019,1199,13.7,0.076,0.125,0.091,0.201,0.179,144
357,518626,"Donaldson, Josh",2019,2742,13,0.182,0.192,0.299,0.375,0.292,307
274,518626,"Donaldson, Josh",2021,2125,12.9,0.162,0.111,0.267,0.272,0.251,235
339,518692,"Freeman, Freddie",2018,2663,12.7,0.249,0.154,0.4,0.403,0.315,305
340,518692,"Freeman, Freddie",2019,2750,12.4,0.227,0.155,0.349,0.382,0.297,304
324,518692,"Freeman, Freddie",2021,2688,12.1,0.208,0.146,0.288,0.354,0.288,288
305,518735,"Grandal, Yasmani",2018,2222,13.7,0.182,0.152,0.29,0.333,0.279,264
362,518735,"Grandal, Yasmani",2019,2733,13.2,0.166,0.139,0.263,0.305,0.272,302
214,518735,"Grandal, Yasmani",2021,1669,12.8,0.163,0.192,0.229,0.355,0.302,172
213,518792,"Heyward, Jason",2018,1830,11.6,0.221,0.089,0.308,0.311,0.27,190
280,518792,"Heyward, Jason",2019,2231,12.6,0.164,0.12,0.261,0.284,0.239,250
163,518792,"Heyward, Jason",2021,1314,12.4,0.151,0.092,0.247,0.243,0.203,152
269,518934,"LeMahieu, DJ",2018,2191,12.3,0.206,0.111,0.281,0.317,0.248,252
299,518934,"LeMahieu, DJ",2019,2463,12.1,0.255,0.127,0.358,0.382,0.307,267
336,518934,"LeMahieu, DJ",2021,2660,12.6,0.252,0.093,0.351,0.346,0.302,301
225,518960,"Lucroy, Jonathan",2018,1760,12.8,0.164,0.053,0.231,0.217,0.2,207
180,518960,"Lucroy, Jonathan",2019,1351,13.3,0.163,0.102,0.209,0.265,0.206,166
219,519048,"Moreland, Mitch",2018,1754,12.5,0.135,0.063,0.278,0.198,0.206,192
171,519048,"Moreland, Mitch",2019,1348,12.7,0.158,0.178,0.239,0.336,0.255,152
291,519058,"Moustakas, Mike",2018,2380,12.2,0.186,0.205,0.228,0.392,0.276,263
284,519058,"Moustakas, Mike",2019,2233,12.7,0.171,0.167,0.226,0.338,0.244,263
298,519203,"Rizzo, Anthony",2018,2444,12.2,0.209,0.034,0.299,0.243,0.251,263
306,519203,"Rizzo, Anthony",2019,2470,12.4,0.24,0.122,0.326,0.362,0.298,271
287,519203,"Rizzo, Anthony",2021,2230,12.9,0.2,0.125,0.272,0.325,0.272,255
225,519299,"Sogard, Eric",2019,1751,12.8,0.256,0.174,0.336,0.43,0.315,207
169,519306,"Souza Jr., Steven",2018,1123,15,0.154,0.081,0.292,0.235,0.228,149
418,519317,"Stanton, Giancarlo",2018,2942,14.2,0.176,0.187,0.326,0.363,0.273,369
349,519317,"Stanton, Giancarlo",2021,2426,14.4,0.188,0.169,0.315,0.357,0.275,314
172,519346,"Thames, Eric",2018,1117,15.4,0.128,0.154,0.264,0.282,0.219,156
273,519346,"Thames, Eric",2019,1881,14.5,0.165,0.169,0.323,0.335,0.257,242
170,519390,"Vogt, Stephen",2019,1121,15.2,0.17,0.132,0.264,0.302,0.222,159
368,520471,"Galvis, Freddy",2018,2573,14.3,0.186,0.101,0.306,0.287,0.239,338
337,520471,"Galvis, Freddy",2019,2289,14.7,0.205,0.134,0.337,0.339,0.244,322
215,520471,"Galvis, Freddy",2021,1545,13.9,0.21,0.128,0.307,0.338,0.267,195
262,521692,"Perez, Salvador",2018,1926,13.6,0.18,0.139,0.273,0.318,0.243,245
341,521692,"Perez, Salvador",2021,2392,14.3,0.158,0.117,0.288,0.274,0.214,317
225,523253,"Forsythe, Logan",2018,1700,13.2,0.164,0.03,0.277,0.194,0.209,201
233,523253,"Forsythe, Logan",2019,1665,14,0.138,0.069,0.262,0.207,0.211,203
204,527038,"Flores, Wilmer",2018,1602,12.7,0.219,0.126,0.257,0.344,0.276,183
232,527038,"Flores, Wilmer",2021,1727,13.4,0.202,0.163,0.241,0.365,0.292,203
201,541645,"García, Avisaíl",2018,1414,14.2,0.16,0.123,0.289,0.283,0.209,187
259,541645,"García, Avisaíl",2019,1894,13.7,0.176,0.1,0.345,0.276,0.227,239
247,541645,"García, Avisaíl",2021,1756,14.1,0.127,0.127,0.217,0.255,0.214,220
174,541650,"Pérez, Hernán",2018,1266,13.7,0.208,0.042,0.361,0.25,0.215,168
309,542255,"Inciarte, Ender",2018,2415,12.8,0.209,0.054,0.293,0.264,0.251,277
296,542303,"Ozuna, Marcell",2018,2322,12.7,0.191,0.054,0.301,0.245,0.216,278
292,542303,"Ozuna, Marcell",2019,2260,12.9,0.188,0.185,0.276,0.373,0.28,260
313,542340,"Villar, Jonathan",2018,2178,14.4,0.189,0.077,0.343,0.267,0.238,285
397,542340,"Villar, Jonathan",2019,2843,14,0.171,0.038,0.345,0.209,0.23,345
269,542340,"Villar, Jonathan",2021,1967,13.7,0.166,0.091,0.33,0.257,0.233,241
175,542364,"Ortega, Rafael",2021,1337,13.1,0.191,0.102,0.313,0.293,0.254,157
289,542454,"Santana, Danny",2019,1942,14.9,0.179,0.097,0.375,0.276,0.224,268
350,542583,"Aguilar, Jesús",2018,2432,14.4,0.223,0.2,0.329,0.423,0.304,310
200,542583,"Aguilar, Jesús",2019,1518,13.2,0.186,0.081,0.308,0.267,0.243,172
282,542583,"Aguilar, Jesús",2021,2066,13.6,0.218,0.088,0.315,0.307,0.245,261
213,542921,"Beckham, Tim",2018,1547,13.8,0.107,0.061,0.2,0.168,0.16,196
196,542921,"Beckham, Tim",2019,1352,14.5,0.148,0.143,0.284,0.291,0.216,182
171,542932,"Berti, Jon",2019,1171,14.6,0.213,0.069,0.384,0.281,0.24,160
150,542932,"Berti, Jon",2021,1138,13.2,0.153,0.069,0.286,0.221,0.227,131
162,542979,"Broxton, Keon",2019,970,16.7,0.119,0.035,0.421,0.154,0.177,143
309,543063,"Crawford, Brandon",2018,2218,13.9,0.187,0.099,0.297,0.286,0.237,283
283,543063,"Crawford, Brandon",2019,2179,13,0.156,0.066,0.273,0.223,0.203,256
286,543063,"Crawford, Brandon",2021,2136,13.4,0.206,0.086,0.329,0.292,0.259,257
298,543068,"Cron, C.J.",2018,2172,13.7,0.179,0.139,0.328,0.319,0.243,273
256,543068,"Cron, C.J.",2019,1936,13.2,0.177,0.123,0.271,0.3,0.22,243
302,543068,"Cron, C.J.",2021,2191,13.8,0.179,0.117,0.285,0.296,0.246,274
168,543105,"Dickerson, Alex",2021,1229,13.7,0.174,0.097,0.307,0.271,0.229,155
247,543228,"Gomes, Yan",2018,1718,14.4,0.181,0.116,0.333,0.297,0.23,232
208,543228,"Gomes, Yan",2019,1419,14.7,0.137,0.093,0.223,0.231,0.218,182
193,543228,"Gomes, Yan",2021,1348,14.3,0.189,0.092,0.301,0.281,0.218,185
238,543257,"Grossman, Robbie",2018,1908,12.5,0.256,0.084,0.42,0.34,0.316,203
246,543257,"Grossman, Robbie",2019,1896,13,0.174,0.077,0.277,0.251,0.257,207
371,543257,"Grossman, Robbie",2021,2817,13.2,0.175,0.104,0.315,0.279,0.272,308
182,543281,"Harrison, Josh",2018,1375,13.2,0.16,0.13,0.219,0.29,0.223,169
231,543281,"Harrison, Josh",2021,1877,12.3,0.162,0.054,0.246,0.216,0.219,204
314,543305,"Hicks, Aaron",2018,2487,12.6,0.189,0.128,0.291,0.317,0.286,265
164,543308,"Hicks, John",2018,1162,14.1,0.159,0.066,0.333,0.225,0.202,151
205,543308,"Hicks, John",2019,1249,16.4,0.154,0.123,0.3,0.277,0.202,195
336,543333,"Hosmer, Eric",2018,2571,13.1,0.179,0.058,0.321,0.237,0.216,312
359,543333,"Hosmer, Eric",2019,2558,14,0.156,0.044,0.291,0.201,0.18,339
294,543333,"Hosmer, Eric",2021,2200,13.4,0.172,0.064,0.263,0.236,0.22,267
308,543401,"Kipnis, Jason",2018,2437,12.6,0.174,0.119,0.263,0.293,0.257,270
244,543401,"Kipnis, Jason",2019,1981,12.3,0.154,0.081,0.229,0.235,0.207,221
249,543510,"McCann, James",2018,1832,13.6,0.148,0.038,0.283,0.186,0.17,236
290,543510,"McCann, James",2019,1966,14.8,0.184,0.105,0.357,0.288,0.236,267
224,543510,"McCann, James",2021,1623,13.8,0.146,0.071,0.287,0.217,0.181,212
215,543543,"Miller, Brad",2021,1525,14.1,0.142,0.157,0.26,0.299,0.226,197
315,543685,"Rendon, Anthony",2018,2365,13.3,0.259,0.156,0.339,0.415,0.329,282
326,543685,"Rendon, Anthony",2019,2613,12.5,0.248,0.197,0.32,0.445,0.344,274
367,543760,"Semien, Marcus",2018,2881,12.7,0.178,0.077,0.272,0.254,0.219,338
358,543760,"Semien, Marcus",2019,2965,12.1,0.193,0.186,0.242,0.379,0.291,311
374,543760,"Semien, Marcus",2021,2923,12.8,0.201,0.213,0.295,0.413,0.299,334
295,543768,"Shaw, Travis",2018,2391,12.3,0.18,0.176,0.25,0.355,0.295,245
176,543768,"Shaw, Travis",2019,1176,15,0.079,0.026,0.177,0.105,0.162,152
157,543768,"Shaw, Travis",2021,1048,15,0.144,0.151,0.215,0.295,0.242,139
311,543807,"Springer, George",2018,2501,12.4,0.172,0.15,0.255,0.322,0.262,273
299,543807,"Springer, George",2019,2299,13,0.213,0.217,0.308,0.43,0.321,258
162,543807,"Springer, George",2021,1328,12.2,0.116,0.116,0.206,0.233,0.197,146
266,543829,"Strange-Gordon, Dee",2018,1991,13.4,0.218,0.061,0.308,0.279,0.218,262
188,543829,"Strange-Gordon, Dee",2019,1455,12.9,0.177,0.017,0.265,0.194,0.185,175
273,543877,"Vázquez, Christian",2019,2013,13.6,0.206,0.156,0.291,0.362,0.256,257
265,543877,"Vázquez, Christian",2021,1947,13.6,0.184,0.082,0.266,0.265,0.229,245
183,543939,"Wong, Kolten",2018,1512,12.1,0.199,0.087,0.3,0.286,0.263,161
258,543939,"Wong, Kolten",2019,2012,12.8,0.228,0.134,0.32,0.362,0.28,232
222,543939,"Wong, Kolten",2021,1815,12.2,0.182,0.123,0.28,0.305,0.242,203
254,544369,"Gregorius, Didi",2018,2082,12.2,0.187,0.153,0.22,0.34,0.252,235
190,544369,"Gregorius, Didi",2019,1378,13.8,0.172,0.156,0.205,0.328,0.226,180
207,544369,"Gregorius, Didi",2021,1580,13.1,0.17,0.133,0.235,0.303,0.238,188
291,544725,"García, Leury",2019,2163,13.5,0.183,0.036,0.362,0.219,0.195,278
220,544725,"García, Leury",2021,1672,13.2,0.164,0.025,0.311,0.189,0.2,201
262,545341,"Grichuk, Randal",2018,1799,14.6,0.191,0.195,0.316,0.386,0.267,246
331,545341,"Grichuk, Randal",2019,2414,13.7,0.143,0.143,0.257,0.286,0.209,308
265,545341,"Grichuk, Randal",2021,2004,13.2,0.135,0.135,0.195,0.271,0.197,251
191,545350,"Marisnick, Jake",2019,1258,15.2,0.169,0.13,0.325,0.299,0.23,177
188,545358,"Stassi, Max",2021,1270,14.8,0.144,0.078,0.328,0.222,0.212,167
331,545361,"Trout, Mike",2018,2543,13,0.198,0.168,0.328,0.366,0.333,262
306,545361,"Trout, Mike",2019,2509,12.2,0.194,0.239,0.286,0.433,0.336,247
342,546318,"Herrera, Odúbel",2018,2319,14.7,0.193,0.098,0.284,0.291,0.23,326
264,546318,"Herrera, Odúbel",2021,1938,13.6,0.217,0.078,0.306,0.295,0.245,244
223,546991,"Almora Jr., Albert",2018,1608,13.9,0.22,0.048,0.354,0.268,0.233,209
180,546991,"Almora Jr., Albert",2019,1317,13.7,0.168,0.075,0.239,0.243,0.189,173
203,547004,"Ruiz, Rio",2019,1594,12.7,0.138,0.116,0.225,0.254,0.215,181
176,547170,"Delmonico, Nicky",2018,1248,14.1,0.145,0.088,0.263,0.233,0.212,159
207,547172,"Wolters, Tony",2019,1546,13.4,0.202,0.069,0.311,0.271,0.241,188
371,547180,"Harper, Bryce",2018,2877,12.9,0.151,0.145,0.279,0.296,0.263,311
383,547180,"Harper, Bryce",2019,2787,13.7,0.164,0.133,0.312,0.297,0.262,323
315,547180,"Harper, Bryce",2021,2401,13.1,0.218,0.207,0.381,0.424,0.327,271
255,547379,"Pérez, Roberto",2019,1917,13.3,0.15,0.128,0.28,0.278,0.229,227
173,547982,"Martin, Leonys",2018,1369,12.6,0.108,0.076,0.19,0.185,0.173,157
300,547989,"Abreu, José",2018,2108,14.2,0.2,0.124,0.296,0.324,0.255,275
390,547989,"Abreu, José",2019,2735,14.3,0.218,0.149,0.328,0.366,0.268,363
368,547989,"Abreu, José",2021,2606,14.1,0.174,0.127,0.265,0.301,0.257,316
179,553869,"Díaz, Elias",2019,1370,13.1,0.174,0.056,0.257,0.23,0.219,161
165,553869,"Díaz, Elias",2021,1307,12.6,0.189,0.196,0.241,0.385,0.287,148
182,553882,"Narváez, Omar",2018,1311,13.9,0.223,0.115,0.36,0.338,0.301,157
268,553882,"Narváez, Omar",2019,1979,13.5,0.222,0.121,0.326,0.343,0.282,239
202,553882,"Narváez, Omar",2021,1625,12.4,0.167,0.106,0.28,0.272,0.238,180
327,553993,"Suárez, Eugenio",2018,2429,13.5,0.182,0.168,0.295,0.35,0.28,286
382,553993,"Suárez, Eugenio",2019,2728,14,0.155,0.185,0.254,0.34,0.251,341
331,553993,"Suárez, Eugenio",2021,2391,13.8,0.124,0.171,0.195,0.294,0.223,299
298,570256,"Polanco, Gregory",2018,2213,13.5,0.172,0.153,0.268,0.326,0.257,261
220,570256,"Polanco, Gregory",2021,1551,14.2,0.133,0.056,0.258,0.189,0.188,196
315,570267,"Santana, Domingo",2019,2127,14.8,0.183,0.141,0.375,0.324,0.252,284
262,570482,"Urshela, Gio",2019,1798,14.6,0.272,0.165,0.387,0.436,0.318,243
244,570482,"Urshela, Gio",2021,1697,14.4,0.203,0.156,0.342,0.359,0.261,231
389,570560,"Sánchez, Yolmer",2018,2627,14.8,0.201,0.096,0.316,0.297,0.254,354
312,570560,"Sánchez, Yolmer",2019,2246,13.9,0.175,0.046,0.299,0.221,0.218,280
234,570731,"Schoop, Jonathan",2018,1767,13.2,0.126,0.09,0.231,0.215,0.17,223
240,570731,"Schoop, Jonathan",2019,1681,14.3,0.171,0.149,0.305,0.32,0.226,228
382,570731,"Schoop, Jonathan",2021,2588,14.8,0.225,0.107,0.326,0.331,0.261,356
231,570799,"Villanueva, Christian",2018,1576,14.7,0.174,0.099,0.308,0.272,0.23,213
166,571431,"Adams, Matt",2018,1258,13.2,0.15,0.136,0.235,0.286,0.242,147
184,571431,"Adams, Matt",2019,1308,14.1,0.105,0.122,0.235,0.227,0.171,172
170,571437,"Altherr, Aaron",2018,1155,14.7,0.117,0.103,0.275,0.221,0.223,145
336,571448,"Arenado, Nolan",2018,2592,13,0.231,0.221,0.322,0.451,0.318,308
302,571448,"Arenado, Nolan",2019,2391,12.6,0.238,0.205,0.302,0.443,0.311,273
303,571448,"Arenado, Nolan",2021,2443,12.4,0.212,0.194,0.273,0.406,0.285,283
233,571466,"Barnhart, Tucker",2018,1958,11.9,0.157,0.052,0.277,0.21,0.21,210
187,571466,"Barnhart, Tucker",2019,1413,13.2,0.154,0.068,0.295,0.222,0.226,162
212,571466,"Barnhart, Tucker",2021,1524,13.9,0.16,0.072,0.319,0.232,0.209,194
294,571506,"Bour, Justin",2018,2077,14.2,0.189,0.128,0.308,0.317,0.259,265
316,571602,"Davidson, Matt",2018,2118,14.9,0.133,0.122,0.271,0.255,0.223,278
250,571657,"Farmer, Kyle",2021,1955,12.8,0.182,0.127,0.269,0.309,0.23,236
333,571697,"Gennett, Scooter",2018,2443,13.6,0.232,0.095,0.371,0.327,0.271,306
286,571718,"Goodwin, Brian",2019,1979,14.5,0.198,0.114,0.364,0.312,0.246,263
163,571718,"Goodwin, Brian",2021,1179,13.8,0.177,0.121,0.263,0.298,0.263,141
306,571740,"Hamilton, Billy",2018,2135,14.3,0.188,0.066,0.34,0.254,0.216,287
202,571740,"Hamilton, Billy",2019,1404,14.4,0.131,0.038,0.247,0.169,0.177,183
347,571745,"Haniger, Mitch",2018,2716,12.8,0.207,0.115,0.384,0.322,0.285,295
169,571745,"Haniger, Mitch",2019,1222,13.8,0.199,0.199,0.343,0.397,0.269,156
397,571745,"Haniger, Mitch",2021,2775,14.3,0.191,0.146,0.303,0.337,0.255,362
253,571771,"Hernández, Enrique",2018,1870,13.5,0.187,0.119,0.266,0.306,0.268,219
247,571771,"Hernández, Enrique",2019,1855,13.3,0.17,0.143,0.242,0.313,0.239,224
300,571771,"Hernández, Enrique",2021,2265,13.2,0.193,0.136,0.295,0.33,0.271,264
197,571788,"Holt, Brock",2018,1473,13.4,0.182,0.094,0.29,0.276,0.232,181
169,571788,"Holt, Brock",2019,1221,13.8,0.181,0.034,0.287,0.215,0.223,149
276,571970,"Muncy, Max",2018,2066,13.4,0.19,0.211,0.344,0.401,0.31,237
349,571970,"Muncy, Max",2019,2581,13.5,0.178,0.192,0.278,0.37,0.291,297
156,571970,"Muncy, Max",2020,1100,14.2,0.18,0.158,0.265,0.338,0.281,133
311,571970,"Muncy, Max",2021,2434,12.8,0.175,0.157,0.264,0.332,0.27,274
208,571976,"Myers, Wil",2018,1419,14.7,0.158,0.126,0.28,0.284,0.226,190
286,571976,"Myers, Wil",2019,2040,14,0.133,0.114,0.338,0.247,0.211,255
287,571976,"Myers, Wil",2021,2010,14.3,0.133,0.093,0.286,0.226,0.222,248
151,571980,"Naquin, Tyler",2019,1094,13.8,0.217,0.112,0.378,0.329,0.252,143
247,571980,"Naquin, Tyler",2021,1797,13.7,0.176,0.149,0.296,0.326,0.261,221
158,572008,"Owings, Chris",2018,1119,14.1,0.171,0.041,0.342,0.212,0.197,146
176,572033,"Phegley, Josh",2019,1275,13.8,0.186,0.114,0.275,0.299,0.223,167
294,572039,"Piscotty, Stephen",2018,2167,13.6,0.144,0.114,0.211,0.259,0.223,263
210,572039,"Piscotty, Stephen",2019,1492,14.1,0.179,0.042,0.311,0.221,0.214,190
230,572041,"Pollock, AJ",2018,1720,13.4,0.167,0.139,0.271,0.306,0.233,209
164,572041,"Pollock, AJ",2019,1250,13.1,0.178,0.137,0.299,0.315,0.253,146
194,572041,"Pollock, AJ",2021,1465,13.2,0.19,0.201,0.286,0.391,0.277,179
325,572122,"Seager, Kyle",2018,2489,13.1,0.184,0.105,0.309,0.289,0.229,305
239,572122,"Seager, Kyle",2019,1821,13.1,0.185,0.162,0.256,0.347,0.264,216
352,572122,"Seager, Kyle",2021,2554,13.8,0.158,0.192,0.232,0.35,0.259,317
230,572191,"Taylor, Michael A.",2018,1514,15.2,0.149,0.054,0.311,0.203,0.169,222
297,572191,"Taylor, Michael A.",2021,2113,14.1,0.178,0.065,0.341,0.243,0.207,276
281,572228,"Voit, Luke",2019,2016,13.9,0.103,0.065,0.239,0.168,0.211,232
323,572233,"Walker, Christian",2019,2413,13.4,0.145,0.092,0.293,0.238,0.224,282
229,572233,"Walker, Christian",2021,1774,12.9,0.138,0.079,0.266,0.217,0.212,203
263,572287,"Zunino, Mike",2018,1714,15.3,0.148,0.143,0.314,0.291,0.219,244
187,572287,"Zunino, Mike",2019,1189,15.7,0.104,0.087,0.197,0.191,0.164,173
223,572287,"Zunino, Mike",2021,1502,14.8,0.13,0.21,0.246,0.34,0.241,200
376,572761,"Carpenter, Matt",2018,2853,13.2,0.17,0.14,0.274,0.31,0.252,335
297,572761,"Carpenter, Matt",2019,2166,13.7,0.167,0.097,0.312,0.264,0.246,258
156,572761,"Carpenter, Matt",2021,1123,13.9,0.106,0.068,0.241,0.174,0.207,132
274,572816,"Dickerson, Corey",2018,1986,13.8,0.267,0.132,0.363,0.398,0.293,266
167,572816,"Dickerson, Corey",2019,1180,14.2,0.233,0.157,0.33,0.39,0.274,159
205,572816,"Dickerson, Corey",2021,1483,13.8,0.211,0.105,0.322,0.316,0.257,190
340,572821,"Dozier, Brian",2018,2643,12.9,0.178,0.109,0.282,0.287,0.247,303
264,572821,"Dozier, Brian",2019,2045,12.9,0.187,0.143,0.299,0.33,0.275,230
188,573131,"Ruf, Darin",2021,1377,13.7,0.146,0.152,0.243,0.299,0.251,164
233,573262,"Yastrzemski, Mike",2019,1632,14.3,0.176,0.195,0.28,0.371,0.266,210
287,573262,"Yastrzemski, Mike",2021,2103,13.6,0.135,0.231,0.179,0.367,0.262,251
300,575929,"Contreras, Willson",2018,2120,14.2,0.204,0.117,0.357,0.321,0.277,265
225,575929,"Contreras, Willson",2019,1567,14.4,0.172,0.192,0.276,0.364,0.271,198
276,575929,"Contreras, Willson",2021,1969,14,0.118,0.076,0.245,0.193,0.204,238
215,576397,"Gyorko, Jedd",2018,1588,13.5,0.202,0.119,0.301,0.321,0.264,193
224,578428,"Iglesias, José",2018,1693,13.2,0.236,0.074,0.293,0.31,0.252,216
268,578428,"Iglesias, José",2019,1936,13.8,0.244,0.031,0.332,0.275,0.235,258
259,578428,"Iglesias, José",2021,1858,13.9,0.222,0.107,0.295,0.329,0.244,252
180,581527,"Travis, Devon",2018,1394,12.9,0.174,0.096,0.26,0.269,0.223,167
154,591720,"Torreyes, Ronald",2021,1170,13.2,0.171,0.096,0.216,0.267,0.212,146
175,592122,"Austin, Tyler",2018,1126,15.5,0.15,0.15,0.29,0.3,0.217,160
239,592178,"Bryant, Kris",2018,1742,13.7,0.163,0.134,0.299,0.297,0.254,209
330,592178,"Bryant, Kris",2019,2486,13.3,0.164,0.139,0.294,0.304,0.268,280
302,592178,"Bryant, Kris",2021,2232,13.5,0.151,0.097,0.283,0.247,0.241,259
242,592192,"Canha, Mark",2018,1735,13.9,0.182,0.116,0.265,0.298,0.236,225
288,592192,"Canha, Mark",2019,2106,13.7,0.174,0.132,0.271,0.306,0.275,242
379,592192,"Canha, Mark",2021,2642,14.3,0.179,0.094,0.27,0.273,0.257,330
335,592206,"Castellanos, Nick",2018,2439,13.7,0.214,0.097,0.41,0.311,0.26,309
326,592206,"Castellanos, Nick",2019,2436,13.4,0.16,0.117,0.272,0.277,0.219,300
290,592206,"Castellanos, Nick",2021,2143,13.5,0.223,0.182,0.348,0.405,0.298,264
213,592261,"DeShields, Delino",2018,1574,13.5,0.131,0.005,0.229,0.136,0.173,191
235,592261,"DeShields, Delino",2019,1669,14.1,0.157,0.062,0.284,0.219,0.212,210
252,592273,"Drury, Brandon",2019,1783,14.1,0.151,0.092,0.262,0.243,0.191,239
152,592325,"Gamel, Ben",2018,1193,12.7,0.193,0.104,0.338,0.296,0.254,135
204,592325,"Gamel, Ben",2019,1512,13.5,0.133,0.072,0.284,0.204,0.2,181
219,592325,"Gamel, Ben",2021,1600,13.7,0.144,0.059,0.321,0.202,0.219,188
289,592348,"Goodrum, Niko",2018,1957,14.8,0.207,0.184,0.357,0.391,0.282,266
283,592348,"Goodrum, Niko",2019,1964,14.4,0.167,0.136,0.322,0.302,0.234,258
202,592348,"Goodrum, Niko",2021,1341,15.1,0.152,0.082,0.333,0.234,0.208,184
251,592387,"Healy, Ryon",2018,1917,13.1,0.189,0.084,0.333,0.273,0.224,238
263,592444,"Jones, JaCoby",2018,1772,14.8,0.133,0.083,0.295,0.217,0.192,240
181,592444,"Jones, JaCoby",2019,1306,13.9,0.123,0.123,0.234,0.245,0.205,163
303,592450,"Judge, Aaron",2018,2124,14.3,0.183,0.171,0.372,0.354,0.293,257
277,592450,"Judge, Aaron",2019,1914,14.5,0.174,0.195,0.341,0.369,0.282,241
370,592450,"Judge, Aaron",2021,2654,13.9,0.222,0.177,0.364,0.398,0.301,334
306,592518,"Machado, Manny",2018,2529,12.1,0.22,0.19,0.304,0.41,0.309,273
297,592518,"Machado, Manny",2019,2418,12.3,0.163,0.117,0.268,0.28,0.24,264
284,592518,"Machado, Manny",2021,2238,12.7,0.221,0.186,0.299,0.407,0.293,258
213,592567,"Moran, Colin",2018,1723,12.4,0.181,0.073,0.295,0.254,0.224,193
238,592567,"Moran, Colin",2019,1808,13.2,0.122,0.07,0.22,0.192,0.149,229
181,592567,"Moran, Colin",2021,1386,13.1,0.125,0.063,0.25,0.188,0.194,160
265,592626,"Pederson, Joc",2018,1838,14.4,0.196,0.146,0.273,0.342,0.268,240
286,592626,"Pederson, Joc",2019,2054,13.9,0.196,0.172,0.302,0.368,0.289,250
269,592626,"Pederson, Joc",2021,1918,14,0.186,0.134,0.308,0.32,0.239,253
277,592663,"Realmuto, J.T.",2018,2042,13.6,0.207,0.127,0.314,0.335,0.271,251
307,592663,"Realmuto, J.T.",2019,2332,13.2,0.223,0.206,0.331,0.429,0.29,282
283,592663,"Realmuto, J.T.",2021,2096,13.5,0.206,0.084,0.388,0.29,0.248,262
252,592669,"Renfroe, Hunter",2018,1715,14.7,0.179,0.145,0.281,0.325,0.234,234
295,592669,"Renfroe, Hunter",2019,2023,14.6,0.131,0.174,0.229,0.305,0.23,259
317,592669,"Renfroe, Hunter",2021,2191,14.5,0.174,0.17,0.253,0.344,0.258,288
290,592696,"Rosario, Eddie",2018,2100,13.8,0.215,0.148,0.306,0.363,0.251,284
260,592696,"Rosario, Eddie",2019,2068,12.6,0.229,0.17,0.302,0.399,0.266,253
192,592696,"Rosario, Eddie",2021,1508,12.7,0.24,0.212,0.306,0.453,0.318,179
211,592743,"Simmons, Andrelton",2018,1980,10.7,0.275,0.074,0.35,0.349,0.312,189
215,592743,"Simmons, Andrelton",2021,1645,13.1,0.19,0.035,0.275,0.225,0.213,200
223,592859,"Wilkerson, Stevie",2019,1478,15.1,0.158,0.12,0.292,0.278,0.212,209
324,592885,"Yelich, Christian",2018,2532,12.8,0.189,0.123,0.326,0.312,0.268,285
299,592885,"Yelich, Christian",2019,2285,13.1,0.237,0.214,0.363,0.451,0.338,257
266,592885,"Yelich, Christian",2021,2012,13.2,0.183,0.083,0.336,0.265,0.254,230
345,593160,"Merrifield, Whit",2018,2733,12.6,0.203,0.087,0.299,0.289,0.254,311
359,593160,"Merrifield, Whit",2019,2773,12.9,0.234,0.115,0.351,0.349,0.266,338
313,593160,"Merrifield, Whit",2021,2608,12,0.197,0.069,0.291,0.266,0.225,290
314,593428,"Bogaerts, Xander",2018,2364,13.3,0.244,0.182,0.344,0.426,0.306,291
401,593428,"Bogaerts, Xander",2019,2862,14,0.251,0.119,0.362,0.37,0.299,362
349,593428,"Bogaerts, Xander",2021,2505,13.9,0.227,0.104,0.332,0.33,0.284,309
152,593528,"Bonifacio, Jorge",2018,1115,13.6,0.158,0.113,0.295,0.271,0.236,133
223,593643,"Alberto, Hanser",2019,1762,12.7,0.259,0.046,0.335,0.306,0.252,216
189,593871,"Polanco, Jorge",2018,1403,13.5,0.257,0.117,0.387,0.374,0.31,171
347,593871,"Polanco, Jorge",2019,2771,12.5,0.186,0.113,0.273,0.299,0.244,311
327,593871,"Polanco, Jorge",2021,2489,13.1,0.202,0.202,0.265,0.404,0.282,302
179,593934,"Sanó, Miguel",2018,1263,14.2,0.123,0.13,0.389,0.253,0.224,154
274,593934,"Sanó, Miguel",2019,1911,14.3,0.14,0.169,0.333,0.31,0.239,242
316,593934,"Sanó, Miguel",2021,2195,14.4,0.131,0.121,0.308,0.252,0.215,282
243,594694,"Difo, Wilmer",2018,1816,13.4,0.17,0.089,0.246,0.259,0.213,224
284,594777,"Calhoun, Kole",2018,2148,13.2,0.148,0.121,0.256,0.27,0.213,256
305,594777,"Calhoun, Kole",2019,2389,12.8,0.105,0.097,0.222,0.202,0.194,267
240,594807,"Duvall, Adam",2018,1648,14.6,0.114,0.1,0.214,0.215,0.187,219
324,594807,"Duvall, Adam",2021,2158,15,0.157,0.186,0.271,0.343,0.23,306
182,594809,"Eaton, Adam",2018,1476,12.3,0.242,0.076,0.402,0.318,0.304,157
334,594809,"Eaton, Adam",2019,2664,12.5,0.202,0.086,0.299,0.288,0.263,292
152,594809,"Eaton, Adam",2021,1156,13.1,0.142,0.085,0.261,0.227,0.19,141
212,594824,"Garcia, Greg",2019,1586,13.4,0.205,0.08,0.363,0.284,0.285,176
233,594828,"Gattis, Evan",2018,1714,13.6,0.151,0.142,0.224,0.292,0.22,212
200,594838,"Gosselin, Phil",2021,1436,13.9,0.191,0.043,0.327,0.234,0.211,188
268,594953,"Palka, Daniel",2018,1839,14.6,0.155,0.163,0.301,0.318,0.217,258
215,594988,"Schebler, Scott",2018,1576,13.6,0.17,0.074,0.333,0.245,0.239,188
183,595281,"Kiermaier, Kevin",2018,1357,13.5,0.13,0.137,0.254,0.267,0.225,161
246,595281,"Kiermaier, Kevin",2019,1784,13.8,0.136,0.07,0.23,0.206,0.18,228
218,595281,"Kiermaier, Kevin",2021,1494,14.6,0.174,0.097,0.337,0.272,0.239,195
164,595375,"Riddle, JT",2018,1240,13.2,0.178,0.127,0.287,0.306,0.225,157
225,595751,"Alfaro, Jorge",2018,1334,16.9,0.164,0.099,0.437,0.263,0.209,213
262,595751,"Alfaro, Jorge",2019,1723,15.2,0.138,0.081,0.326,0.219,0.177,247
163,595751,"Alfaro, Jorge",2021,1105,14.8,0.097,0.032,0.255,0.129,0.127,155
299,595777,"Profar, Jurickson",2018,2340,12.8,0.192,0.107,0.271,0.299,0.25,271
253,595777,"Profar, Jurickson",2019,2061,12.3,0.145,0.075,0.2,0.22,0.204,227
225,595777,"Profar, Jurickson",2021,1734,13,0.189,0.066,0.275,0.255,0.25,196
319,595879,"Báez, Javier",2018,2245,14.2,0.142,0.099,0.285,0.242,0.188,302
294,595879,"Báez, Javier",2019,2002,14.7,0.225,0.214,0.451,0.439,0.289,280
310,595879,"Báez, Javier",2021,2065,15,0.181,0.167,0.435,0.348,0.253,287
179,595885,"Bird, Greg",2018,1293,13.8,0.138,0.163,0.208,0.3,0.233,160
189,595909,"Cave, Jake",2018,1246,15.2,0.173,0.185,0.338,0.358,0.255,173
191,595978,"Hedges, Austin",2018,1298,14.7,0.181,0.154,0.302,0.335,0.236,182
204,595978,"Hedges, Austin",2019,1373,14.9,0.094,0.084,0.177,0.178,0.143,191
168,595978,"Hedges, Austin",2021,1185,14.2,0.107,0.082,0.191,0.189,0.155,159
345,596019,"Lindor, Francisco",2018,2920,11.8,0.199,0.192,0.247,0.391,0.29,312
281,596019,"Lindor, Francisco",2019,2426,11.6,0.177,0.113,0.256,0.289,0.216,266
259,596019,"Lindor, Francisco",2021,2096,12.4,0.131,0.086,0.203,0.217,0.22,221
264,596059,"Odor, Rougned",2018,1980,13.3,0.113,0.061,0.223,0.174,0.188,230
328,596059,"Odor, Rougned",2019,2349,14,0.123,0.136,0.237,0.259,0.194,301
183,596059,"Odor, Rougned",2021,1343,13.6,0.097,0.097,0.183,0.194,0.179,165
181,596103,"Slater, Austin",2021,1188,15.2,0.179,0.117,0.338,0.296,0.253,162
194,596105,"Smith Jr., Dwight",2019,1496,13,0.157,0.097,0.26,0.254,0.194,185
335,596115,"Story, Trevor",2018,2555,13.1,0.19,0.148,0.375,0.338,0.262,305
373,596115,"Story, Trevor",2019,2684,13.9,0.183,0.141,0.343,0.324,0.265,327
342,596115,"Story, Trevor",2021,2402,14.2,0.178,0.172,0.279,0.35,0.271,303
358,596129,"Vogelbach, Daniel",2019,2532,14.1,0.168,0.189,0.231,0.357,0.258,322
161,596129,"Vogelbach, Daniel",2021,1177,13.7,0.162,0.077,0.262,0.239,0.232,142
203,596142,"Sánchez, Gary",2018,1531,13.3,0.106,0.122,0.171,0.228,0.196,180
271,596142,"Sánchez, Gary",2019,1879,14.4,0.169,0.214,0.25,0.383,0.263,248
267,596142,"Sánchez, Gary",2021,1845,14.5,0.157,0.161,0.252,0.318,0.244,242
177,596144,"Cuthbert, Cheslor",2019,1287,13.8,0.193,0.112,0.3,0.304,0.251,161
270,596146,"Kepler, Max",2018,2351,11.5,0.118,0.1,0.171,0.218,0.223,229
260,596146,"Kepler, Max",2019,2160,12,0.197,0.222,0.27,0.419,0.294,234
229,596146,"Kepler, Max",2021,1876,12.2,0.138,0.143,0.215,0.281,0.249,196
202,596748,"Franco, Maikel",2018,1645,12.3,0.231,0.161,0.308,0.392,0.291,186
207,596748,"Franco, Maikel",2019,1511,13.7,0.198,0.122,0.25,0.32,0.232,197
202,596748,"Franco, Maikel",2021,1466,13.8,0.172,0.099,0.238,0.271,0.21,192
268,596847,"Choi, Ji-Man",2019,2020,13.3,0.174,0.146,0.287,0.32,0.281,219
167,596847,"Choi, Ji-Man",2021,1279,13.1,0.126,0.07,0.296,0.196,0.216,143
286,598265,"Bradley Jr., Jackie",2018,2168,13.2,0.167,0.102,0.317,0.269,0.222,264
314,598265,"Bradley Jr., Jackie",2019,2210,14.2,0.13,0.113,0.252,0.243,0.205,284
244,598265,"Bradley Jr., Jackie",2021,1682,14.5,0.102,0.076,0.223,0.178,0.154,225
190,600474,"Severino, Pedro",2019,1400,13.6,0.153,0.1,0.226,0.253,0.218,170
253,600474,"Severino, Pedro",2021,1693,14.9,0.183,0.057,0.325,0.239,0.217,230
354,600524,"Núñez, Renato",2019,2464,14.4,0.171,0.144,0.253,0.315,0.234,327
359,600869,"Candelario, Jeimer",2018,2673,13.4,0.156,0.069,0.296,0.225,0.216,320
228,600869,"Candelario, Jeimer",2019,1619,14.1,0.123,0.064,0.216,0.186,0.188,204
341,600869,"Candelario, Jeimer",2021,2547,13.4,0.2,0.148,0.327,0.348,0.279,305
169,602074,"Daza, Yonathan",2021,1216,13.9,0.219,0.045,0.347,0.265,0.245,155
178,602104,"Urías, Ramón",2021,1253,14.2,0.203,0.089,0.367,0.291,0.265,158
291,605113,"Ahmed, Nick",2018,2124,13.7,0.165,0.105,0.252,0.271,0.221,266
326,605113,"Ahmed, Nick",2019,2357,13.8,0.168,0.099,0.257,0.267,0.228,292
251,605113,"Ahmed, Nick",2021,1777,14.1,0.177,0.093,0.305,0.27,0.216,237
356,605119,"Anderson, Brian",2018,2641,13.5,0.209,0.082,0.339,0.291,0.267,316
263,605119,"Anderson, Brian",2019,1925,13.7,0.186,0.122,0.331,0.308,0.252,237
153,605119,"Anderson, Brian",2021,1028,14.9,0.169,0.059,0.304,0.228,0.229,136
291,605137,"Bell, Josh",2018,2366,12.3,0.159,0.078,0.255,0.237,0.244,245
304,605137,"Bell, Josh",2019,2442,12.4,0.194,0.175,0.292,0.369,0.285,263
267,605137,"Bell, Josh",2021,2182,12.2,0.211,0.164,0.32,0.375,0.301,232
314,605141,"Betts, Mookie",2018,2582,12.2,0.3,0.245,0.402,0.545,0.392,277
352,605141,"Betts, Mookie",2019,2909,12.1,0.243,0.157,0.323,0.4,0.314,305
281,605141,"Betts, Mookie",2021,2232,12.6,0.176,0.146,0.231,0.322,0.277,239
177,605170,"Caratini, Victor",2021,1312,13.5,0.131,0.081,0.234,0.213,0.19,160
243,605204,"Davis, J.D.",2019,1803,13.5,0.219,0.088,0.379,0.307,0.273,215
174,605412,"Panik, Joe",2018,1488,11.7,0.241,0.063,0.289,0.304,0.271,158
224,605412,"Panik, Joe",2019,1877,11.9,0.165,0.055,0.209,0.22,0.216,200
279,605480,"Smith, Mallex",2018,2061,13.5,0.247,0.07,0.414,0.317,0.298,243
320,605480,"Smith, Mallex",2019,2242,14.3,0.17,0.055,0.331,0.225,0.217,289
200,605486,"Spangenberg, Cory",2018,1293,15.5,0.158,0.054,0.373,0.212,0.201,184
202,605548,"Zimmer, Bradley",2021,1375,14.7,0.114,0.017,0.37,0.131,0.183,176
177,605612,"Castro, Harold",2019,1306,13.6,0.169,0.047,0.318,0.215,0.166,172
164,605612,"Castro, Harold",2021,1173,14,0.237,0.053,0.444,0.289,0.255,152
194,606115,"Arcia, Orlando",2018,1312,14.8,0.153,0.068,0.267,0.221,0.171,190
291,606115,"Arcia, Orlando",2019,2100,13.9,0.158,0.086,0.24,0.244,0.206,266
219,606132,"Tapia, Raimel",2019,1620,13.5,0.181,0.1,0.339,0.281,0.212,210
254,606132,"Tapia, Raimel",2021,1973,12.9,0.202,0.112,0.266,0.313,0.258,233
313,606192,"Hernández, Teoscar",2018,2109,14.8,0.136,0.101,0.281,0.237,0.196,287
275,606192,"Hernández, Teoscar",2019,1923,14.3,0.129,0.141,0.25,0.27,0.214,248
299,606192,"Hernández, Teoscar",2021,2290,13.1,0.17,0.112,0.322,0.283,0.228,276
159,606213,"Mercedes, Yermín",2021,1097,14.5,0.223,0.047,0.317,0.27,0.247,148
264,606299,"Peraza, José",2018,2296,11.5,0.209,0.092,0.287,0.301,0.245,249
169,606299,"Peraza, José",2019,1364,12.4,0.14,0.04,0.226,0.18,0.191,150
262,606466,"Marte, Ketel",2018,2177,12,0.197,0.166,0.264,0.362,0.289,229
295,606466,"Marte, Ketel",2019,2402,12.3,0.252,0.185,0.345,0.437,0.318,270
179,606466,"Marte, Ketel",2021,1411,12.7,0.226,0.116,0.346,0.341,0.274,164
218,606992,"Haase, Eric",2021,1548,14.1,0.143,0.138,0.286,0.281,0.212,203
323,607043,"Nimmo, Brandon",2018,2262,14.3,0.199,0.192,0.376,0.391,0.325,266
199,607043,"Nimmo, Brandon",2021,1548,12.9,0.247,0.135,0.449,0.382,0.328,170
178,607054,"Peterson, Jace",2021,1295,13.7,0.179,0.141,0.282,0.321,0.266,156
363,607208,"Turner, Trea",2018,2927,12.4,0.195,0.079,0.305,0.274,0.249,328
307,607208,"Turner, Trea",2019,2234,13.7,0.225,0.118,0.356,0.343,0.275,280
318,607208,"Turner, Trea",2021,2487,12.8,0.252,0.129,0.374,0.381,0.295,294
279,607680,"Pillar, Kevin",2018,1953,14.3,0.182,0.14,0.253,0.322,0.231,264
276,607680,"Pillar, Kevin",2019,2127,13,0.192,0.121,0.259,0.313,0.227,265
182,607680,"Pillar, Kevin",2021,1322,13.8,0.134,0.11,0.207,0.244,0.185,172
227,607732,"Stallings, Jacob",2021,1697,13.4,0.15,0.07,0.246,0.22,0.218,200
352,608070,"Ramírez, José",2018,3002,11.7,0.224,0.237,0.241,0.461,0.349,295
268,608070,"Ramírez, José",2019,2173,12.3,0.208,0.154,0.267,0.363,0.278,240
326,608070,"Ramírez, José",2021,2675,12.2,0.228,0.2,0.272,0.428,0.316,290
333,608324,"Bregman, Alex",2018,2821,11.8,0.232,0.189,0.293,0.421,0.332,285
325,608324,"Bregman, Alex",2019,2915,11.1,0.234,0.219,0.283,0.453,0.348,265
193,608324,"Bregman, Alex",2021,1593,12.1,0.192,0.084,0.257,0.275,0.259,167
349,608336,"Gallo, Joey",2018,2348,14.9,0.087,0.114,0.205,0.201,0.201,299
189,608336,"Gallo, Joey",2019,1308,14.4,0.114,0.152,0.316,0.266,0.241,158
358,608336,"Gallo, Joey",2021,2612,13.7,0.113,0.162,0.267,0.275,0.242,302
223,608348,"Kelly, Carson",2019,1571,14.2,0.224,0.199,0.316,0.423,0.304,201
206,608348,"Kelly, Carson",2021,1473,14,0.171,0.097,0.265,0.269,0.26,175
248,608365,"Russell, Addison",2018,1840,13.5,0.141,0.07,0.236,0.211,0.193,227
228,608369,"Seager, Corey",2019,1909,11.9,0.185,0.166,0.314,0.351,0.264,205
164,608369,"Seager, Corey",2021,1397,11.7,0.2,0.141,0.358,0.341,0.306,135
234,608384,"Williams, Nick",2018,1704,13.7,0.194,0.109,0.379,0.303,0.259,211
193,608385,"Winker, Jesse",2019,1524,12.7,0.217,0.12,0.314,0.337,0.294,166
224,608385,"Winker, Jesse",2021,1895,11.8,0.223,0.149,0.336,0.372,0.323,188
303,608577,"Mazara, Nomar",2018,2187,13.9,0.166,0.065,0.275,0.231,0.213,277
284,608577,"Mazara, Nomar",2019,1912,14.9,0.187,0.078,0.3,0.265,0.223,257
183,608596,"Murphy, Tom",2019,1225,14.9,0.2,0.153,0.364,0.353,0.261,170
186,608596,"Murphy, Tom",2021,1323,14.1,0.131,0.131,0.273,0.263,0.236,160
257,608597,"Guzmán, Ronald",2018,1718,15,0.168,0.103,0.324,0.272,0.233,232
186,608597,"Guzmán, Ronald",2019,1224,15.2,0.171,0.147,0.304,0.318,0.239,170
205,608671,"Jankowski, Travis",2018,1564,13.1,0.187,0.06,0.306,0.247,0.243,182
156,608686,"Mayfield, Jack",2021,1112,14,0.179,0.131,0.297,0.31,0.236,145
154,609275,"Mondesi, Adalberto",2018,1080,14.3,0.182,0.161,0.333,0.343,0.249,143
242,609275,"Mondesi, Adalberto",2019,1610,15,0.15,0.057,0.354,0.207,0.18,227
269,609280,"Andújar, Miguel",2018,2135,12.6,0.232,0.138,0.346,0.37,0.274,254
166,614177,"Reyes, Franmil",2018,1160,14.3,0.192,0.139,0.354,0.331,0.264,151
309,614177,"Reyes, Franmil",2019,2119,14.6,0.139,0.135,0.248,0.274,0.211,281
284,614177,"Reyes, Franmil",2021,1988,14.3,0.176,0.165,0.34,0.341,0.25,261
238,620443,"Torrens, Luis",2021,1554,15.3,0.194,0.131,0.31,0.324,0.251,222
178,621002,"Robertson, Daniel",2018,1421,12.5,0.184,0.053,0.365,0.237,0.257,152
177,621006,"Martin, Richie",2019,1229,14.4,0.174,0.106,0.329,0.28,0.23,161
308,621020,"Swanson, Dansby",2018,2145,14.4,0.179,0.117,0.282,0.296,0.228,291
307,621020,"Swanson, Dansby",2019,2223,13.8,0.168,0.073,0.282,0.241,0.221,274
364,621020,"Swanson, Dansby",2021,2578,14.1,0.189,0.156,0.31,0.344,0.257,334
230,621028,"Newman, Kevin",2019,1882,12.2,0.241,0.057,0.338,0.297,0.262,212
215,621028,"Newman, Kevin",2021,1926,11.2,0.188,0.045,0.225,0.233,0.21,202
346,621035,"Taylor, Chris",2018,2475,14,0.176,0.122,0.372,0.298,0.245,312
250,621035,"Taylor, Chris",2019,1723,14.5,0.179,0.107,0.346,0.286,0.242,224
331,621035,"Taylor, Chris",2021,2384,13.9,0.139,0.056,0.311,0.195,0.212,287
253,621043,"Correa, Carlos",2018,1908,13.3,0.159,0.079,0.278,0.238,0.215,227
185,621043,"Correa, Carlos",2019,1319,14,0.211,0.265,0.28,0.476,0.309,166
330,621043,"Correa, Carlos",2021,2610,12.6,0.215,0.123,0.322,0.338,0.282,293
229,621311,"Dahl, David",2019,1605,14.3,0.217,0.188,0.407,0.406,0.291,207
190,621433,"Phillips, Brett",2021,1234,15.4,0.112,0.159,0.24,0.271,0.213,170
242,621446,"Brinson, Lewis",2018,1580,15.3,0.148,0.052,0.294,0.201,0.174,229
160,621446,"Brinson, Lewis",2021,1099,14.6,0.167,0.04,0.308,0.207,0.19,150
159,621453,"Duggar, Steven",2019,1132,14,0.176,0.047,0.371,0.223,0.202,148
173,621453,"Duggar, Steven",2021,1197,14.5,0.173,0.154,0.333,0.327,0.24,162
187,621466,"Stewart, DJ",2021,1328,14.1,0.089,0.127,0.127,0.215,0.213,158
226,621514,"Stewart, Christin",2019,1633,13.8,0.155,0.155,0.255,0.311,0.229,206
255,621550,"Wisdom, Patrick",2021,1631,15.6,0.137,0.163,0.328,0.3,0.236,227
261,621563,"Wendle, Joey",2018,1981,13.2,0.226,0.071,0.363,0.297,0.254,239
258,621563,"Wendle, Joey",2021,1857,13.9,0.171,0.098,0.295,0.268,0.21,246
379,621566,"Olson, Matt",2018,2844,13.3,0.181,0.145,0.31,0.326,0.273,331
312,621566,"Olson, Matt",2019,2288,13.6,0.164,0.213,0.229,0.378,0.258,286
359,621566,"Olson, Matt",2021,2774,12.9,0.225,0.209,0.294,0.435,0.332,306
276,622110,"Duffy, Matt",2018,2124,13,0.223,0.024,0.346,0.247,0.244,251
170,622110,"Duffy, Matt",2021,1269,13.4,0.17,0.065,0.273,0.235,0.226,153
172,622168,"Muñoz, Yairo",2018,1224,14.1,0.247,0.101,0.424,0.348,0.287,158
260,622534,"Margot, Manuel",2018,1913,13.6,0.175,0.063,0.26,0.238,0.211,240
232,622534,"Margot, Manuel",2019,1743,13.3,0.2,0.149,0.306,0.349,0.258,215
229,622534,"Margot, Manuel",2021,1706,13.4,0.202,0.066,0.286,0.268,0.236,213
287,622666,"Camargo, Johan",2018,2085,13.8,0.2,0.1,0.318,0.3,0.256,260
174,622682,"Reyes, Victor",2019,1213,14.3,0.23,0.091,0.37,0.321,0.255,165
205,623520,"Bote, David",2019,1435,14.3,0.165,0.088,0.314,0.253,0.23,182
171,623520,"Bote, David",2021,1232,13.9,0.141,0.058,0.241,0.199,0.185,156
236,623912,"Ramirez, Harold",2019,1670,14.1,0.201,0.085,0.318,0.286,0.228,224
209,623912,"Ramirez, Harold",2021,1335,15.7,0.205,0.067,0.277,0.272,0.236,195
232,623993,"Santander, Anthony",2019,1659,14,0.218,0.186,0.302,0.405,0.271,220
260,623993,"Santander, Anthony",2021,1812,14.3,0.169,0.119,0.252,0.288,0.217,243
365,624413,"Alonso, Pete",2019,2762,13.2,0.178,0.221,0.31,0.399,0.278,326
289,624413,"Alonso, Pete",2021,2298,12.6,0.156,0.136,0.252,0.292,0.239,257
240,624415,"Biggio, Cavan",2019,1870,12.8,0.129,0.134,0.264,0.262,0.243,202
152,624415,"Biggio, Cavan",2021,1125,13.5,0.092,0.023,0.231,0.115,0.17,130
364,624424,"Conforto, Michael",2018,2654,13.7,0.138,0.122,0.227,0.26,0.227,319
346,624424,"Conforto, Michael",2019,2587,13.4,0.195,0.132,0.342,0.327,0.273,303
267,624424,"Conforto, Michael",2021,1982,13.5,0.146,0.044,0.26,0.19,0.224,226
178,624428,"Frazier, Adam",2018,1363,13.1,0.21,0.115,0.304,0.325,0.282,157
284,624428,"Frazier, Adam",2019,2302,12.3,0.204,0.075,0.277,0.279,0.236,265
285,624428,"Frazier, Adam",2021,2352,12.1,0.22,0.062,0.293,0.282,0.26,259
163,624513,"Nuñez, Dom",2021,1129,14.4,0.124,0.11,0.294,0.234,0.21,145
224,624577,"Puig, Yasiel",2018,1727,13,0.178,0.153,0.255,0.332,0.262,202
292,624577,"Puig, Yasiel",2019,2247,13,0.189,0.121,0.344,0.309,0.247,265
387,624585,"Soler, Jorge",2019,2750,14.1,0.184,0.175,0.326,0.358,0.283,332
313,624585,"Soler, Jorge",2021,2413,13,0.13,0.104,0.226,0.233,0.219,270
176,624641,"Sosa, Edmundo",2021,1190,14.8,0.21,0.096,0.33,0.306,0.268,157
173,628338,"Heredia, Guillermo",2021,1344,12.9,0.123,0.097,0.236,0.219,0.201,155
160,628450,"Hernandez, Yadiel",2021,1155,13.9,0.16,0.1,0.23,0.26,0.21,150
301,630105,"Cronenworth, Jake",2021,2435,12.4,0.191,0.069,0.279,0.26,0.249,262
163,640447,"Ervin, Phillip",2019,1088,15,0.234,0.138,0.395,0.372,0.296,145
332,640457,"Meadows, Austin",2019,2497,13.3,0.228,0.205,0.346,0.434,0.306,302
312,640457,"Meadows, Austin",2021,2366,13.2,0.158,0.158,0.222,0.315,0.25,273
220,640458,"Mercado, Oscar",2019,1738,12.7,0.192,0.128,0.289,0.32,0.246,203
159,640461,"Pinder, Chad",2018,1204,13.2,0.139,0.049,0.345,0.188,0.193,144
181,640461,"Pinder, Chad",2019,1325,13.7,0.137,0.071,0.263,0.208,0.176,168
295,641313,"Anderson, Tim",2018,2200,13.4,0.129,0.076,0.25,0.205,0.174,278
237,641313,"Anderson, Tim",2019,1765,13.4,0.239,0.109,0.431,0.348,0.259,230
270,641313,"Anderson, Tim",2021,2010,13.4,0.214,0.097,0.376,0.311,0.247,257
214,641343,"Bauers, Jake",2018,1602,13.4,0.11,0.122,0.224,0.232,0.22,181
233,641343,"Bauers, Jake",2019,1755,13.3,0.162,0.124,0.315,0.286,0.235,210
176,641343,"Bauers, Jake",2021,1222,14.4,0.158,0.019,0.304,0.177,0.199,158
371,641355,"Bellinger, Cody",2018,2644,14,0.201,0.129,0.337,0.33,0.271,333
336,641355,"Bellinger, Cody",2019,2688,12.5,0.232,0.199,0.31,0.431,0.321,297
208,641355,"Bellinger, Cody",2021,1430,14.5,0.129,0.057,0.235,0.186,0.172,194
156,641432,"Calhoun, Willie",2019,1278,12.2,0.204,0.182,0.269,0.387,0.293,137
228,641487,"Crawford, J.P.",2019,1716,13.3,0.171,0.117,0.261,0.288,0.237,205
357,641487,"Crawford, J.P.",2021,2791,12.8,0.219,0.074,0.329,0.293,0.26,324
260,641525,"Dixon, Brandon",2019,1665,15.6,0.183,0.124,0.376,0.307,0.233,241
209,641531,"Dozier, Hunter",2018,1524,13.7,0.149,0.103,0.313,0.253,0.204,194
307,641531,"Dozier, Hunter",2019,2253,13.6,0.128,0.062,0.268,0.19,0.188,273
289,641531,"Dozier, Hunter",2021,2076,13.9,0.112,0.062,0.262,0.174,0.18,259
257,641553,"Engel, Adam",2018,1694,15.2,0.144,0.049,0.298,0.193,0.172,243
156,641584,"Fraley, Jake",2021,1159,13.5,0.131,0.146,0.204,0.277,0.252,130
192,641598,"Garver, Mitch",2018,1373,14,0.195,0.138,0.306,0.333,0.267,174
195,641598,"Garver, Mitch",2019,1502,13,0.197,0.191,0.321,0.387,0.284,173
177,641658,"Hampson, Garrett",2019,1335,13.3,0.129,0.11,0.236,0.239,0.189,163
265,641658,"Hampson, Garrett",2021,1906,13.9,0.169,0.088,0.299,0.257,0.212,249
154,641796,"Locastro, Tim",2019,983,15.7,0.213,0.066,0.312,0.279,0.262,136
357,641820,"Mancini, Trey",2018,2516,14.2,0.18,0.131,0.295,0.311,0.244,328
373,641820,"Mancini, Trey",2019,2722,13.7,0.206,0.127,0.32,0.333,0.273,330
336,641820,"Mancini, Trey",2021,2468,13.6,0.183,0.131,0.31,0.314,0.251,306
187,641856,"McKinney, Billy",2021,1280,14.6,0.155,0.143,0.259,0.298,0.239,168
314,641857,"McMahon, Ryan",2019,2249,14,0.131,0.091,0.275,0.223,0.212,274
342,641857,"McMahon, Ryan",2021,2388,14.3,0.169,0.149,0.275,0.318,0.248,308
291,641933,"O'Neill, Tyler",2021,2070,14.1,0.172,0.168,0.398,0.34,0.259,262
255,642086,"Smith, Dominic",2021,1850,13.8,0.138,0.043,0.256,0.181,0.182,232
228,642133,"Tellez, Rowdy",2019,1603,14.2,0.107,0.141,0.173,0.249,0.199,205
174,642133,"Tellez, Rowdy",2021,1266,13.7,0.216,0.179,0.308,0.395,0.283,162
162,642162,"Valaika, Pat",2021,1101,14.7,0.16,0.047,0.311,0.207,0.193,150
180,642165,"VanMeter, Josh",2021,1326,13.6,0.145,0.113,0.257,0.258,0.222,159
298,642708,"Rosario, Amed",2018,2130,14,0.18,0.06,0.299,0.239,0.202,284
324,642708,"Rosario, Amed",2019,2408,13.5,0.221,0.075,0.359,0.296,0.24,307
288,642708,"Rosario, Amed",2021,2156,13.4,0.194,0.081,0.327,0.275,0.224,273
194,642715,"Adames, Willy",2018,1329,14.6,0.192,0.064,0.4,0.256,0.246,172
329,642715,"Adames, Willy",2019,2338,14.1,0.133,0.078,0.25,0.212,0.201,293
319,642715,"Adames, Willy",2021,2221,14.4,0.154,0.112,0.301,0.267,0.23,285
182,642721,"Gutiérrez, Kelvin",2021,1160,15.7,0.184,0.074,0.337,0.258,0.237,163
328,643217,"Benintendi, Andrew",2018,2581,12.7,0.232,0.143,0.339,0.375,0.297,293
320,643217,"Benintendi, Andrew",2019,2435,13.1,0.174,0.066,0.327,0.24,0.224,288
275,643217,"Benintendi, Andrew",2021,2045,13.4,0.208,0.147,0.306,0.355,0.276,245
246,643265,"Cooper, Garrett",2019,1707,14.4,0.215,0.108,0.398,0.323,0.269,223
194,643376,"Jansen, Danny",2019,1455,13.3,0.141,0.129,0.209,0.271,0.227,170
176,643393,"Kemp, Tony",2021,1511,11.6,0.162,0.113,0.231,0.275,0.274,142
182,643396,"Kiner-Falefa, Isiah",2018,1499,12.1,0.185,0.06,0.283,0.244,0.219,168
289,643396,"Kiner-Falefa, Isiah",2021,2396,12.1,0.232,0.058,0.333,0.29,0.247,276
268,643446,"McNeil, Jeff",2019,2067,13,0.223,0.069,0.321,0.292,0.281,233
199,643446,"McNeil, Jeff",2021,1514,13.1,0.222,0.074,0.316,0.295,0.274,176
176,643565,"Tauchman, Mike",2019,1288,13.7,0.222,0.183,0.36,0.405,0.315,153
175,643603,"White, Tyler",2019,1249,14,0.168,0.058,0.325,0.226,0.222,155
301,645277,"Albies, Ozzie",2018,2386,12.6,0.164,0.08,0.269,0.244,0.215,275
314,645277,"Albies, Ozzie",2019,2494,12.6,0.193,0.096,0.299,0.289,0.251,280
353,645277,"Albies, Ozzie",2021,2608,13.5,0.178,0.142,0.264,0.32,0.241,325
319,645302,"Robles, Victor",2019,2285,14,0.155,0.049,0.295,0.204,0.205,284
197,645302,"Robles, Victor",2021,1404,14,0.119,0.054,0.238,0.173,0.205,168
252,646240,"Devers, Rafael",2018,1828,13.8,0.198,0.186,0.34,0.384,0.269,237
353,646240,"Devers, Rafael",2019,2636,13.4,0.223,0.186,0.312,0.409,0.287,328
151,646240,"Devers, Rafael",2020,980,15.4,0.197,0.127,0.347,0.324,0.248,142
333,646240,"Devers, Rafael",2021,2502,13.3,0.199,0.199,0.31,0.399,0.288,301
169,647304,"Naylor, Josh",2019,1154,14.6,0.208,0.188,0.301,0.396,0.287,154
204,647351,"Toro, Abraham",2021,1502,13.6,0.194,0.056,0.266,0.25,0.251,180
199,649557,"Díaz, Aledmys",2018,1475,13.5,0.178,0.049,0.256,0.227,0.212,185
161,649557,"Díaz, Aledmys",2021,1140,14.1,0.192,0.103,0.317,0.295,0.253,146
308,649966,"Urías, Luis",2021,2278,13.5,0.197,0.119,0.306,0.316,0.269,269
176,650333,"Arraez, Luis",2019,1486,11.8,0.273,0.084,0.331,0.357,0.32,154
249,650333,"Arraez, Luis",2021,1975,12.6,0.247,0.085,0.311,0.332,0.288,223
261,650391,"Jiménez, Eloy",2019,1864,14,0.137,0.129,0.257,0.266,0.202,241
272,650402,"Torres, Gleyber",2018,1951,13.9,0.182,0.119,0.306,0.3,0.237,253
323,650402,"Torres, Gleyber",2019,2393,13.5,0.203,0.095,0.335,0.298,0.25,295
270,650402,"Torres, Gleyber",2021,2078,13,0.19,0.062,0.317,0.252,0.234,242
242,650489,"Castro, Willi",2021,1632,14.8,0.154,0.109,0.273,0.262,0.215,221
169,650490,"Díaz, Yandy",2019,1310,12.9,0.197,0.19,0.272,0.388,0.29,147
233,650490,"Díaz, Yandy",2021,2031,11.5,0.195,0.117,0.293,0.312,0.267,205
235,650859,"Rengifo, Luis",2019,1669,14.1,0.202,0.103,0.333,0.305,0.254,213
154,656185,"Allen, Greg",2018,1127,13.7,0.112,0.021,0.186,0.133,0.144,143
162,656252,"Bradley, Bobby",2021,1089,14.9,0.106,0.148,0.237,0.254,0.212,142
347,656305,"Chapman, Matt",2018,2544,13.6,0.209,0.174,0.344,0.383,0.287,316
392,656305,"Chapman, Matt",2019,2805,14,0.166,0.142,0.243,0.308,0.255,344
387,656305,"Chapman, Matt",2021,2675,14.5,0.117,0.081,0.25,0.198,0.204,333
219,656308,"Chavis, Michael",2019,1493,14.7,0.167,0.146,0.387,0.313,0.245,198
389,656555,"Hoskins, Rhys",2018,2920,13.3,0.199,0.176,0.295,0.376,0.289,346
429,656555,"Hoskins, Rhys",2019,3223,13.3,0.163,0.133,0.268,0.296,0.264,361
254,656555,"Hoskins, Rhys",2021,1886,13.5,0.189,0.193,0.288,0.382,0.279,228
345,656775,"Mullins, Cedric",2021,2588,13.3,0.204,0.125,0.303,0.329,0.27,313
195,656811,"O'Hearn, Ryan",2019,1509,12.9,0.109,0.086,0.205,0.194,0.179,175
291,656941,"Schwarber, Kyle",2018,2139,13.6,0.158,0.095,0.321,0.253,0.238,253
336,656941,"Schwarber, Kyle",2019,2539,13.2,0.155,0.165,0.267,0.32,0.247,297
271,656941,"Schwarber, Kyle",2021,1986,13.6,0.186,0.148,0.35,0.335,0.28,236
253,656976,"Smith, Pavin",2021,2076,12.2,0.203,0.086,0.363,0.289,0.25,232
160,657041,"Thomas, Lane",2021,1115,14.3,0.175,0.102,0.296,0.277,0.264,137
173,657077,"Verdugo, Alex",2019,1468,11.8,0.205,0.124,0.268,0.329,0.24,161
299,657077,"Verdugo, Alex",2021,2346,12.7,0.217,0.075,0.318,0.292,0.261,267
261,657557,"DeJong, Paul",2018,1913,13.6,0.175,0.167,0.298,0.342,0.257,234
331,657557,"DeJong, Paul",2019,2579,12.8,0.16,0.099,0.3,0.259,0.232,293
216,657557,"DeJong, Paul",2021,1578,13.7,0.119,0.124,0.208,0.243,0.226,185
283,657656,"Laureano, Ramón",2019,1954,14.5,0.226,0.183,0.376,0.409,0.296,257
218,657656,"Laureano, Ramón",2021,1501,14.5,0.161,0.08,0.303,0.241,0.217,199
373,660162,"Moncada, Yoán",2018,2679,13.9,0.11,0.095,0.276,0.204,0.196,328
312,660162,"Moncada, Yoán",2019,2219,14.1,0.182,0.108,0.359,0.29,0.232,286
353,660162,"Moncada, Yoán",2021,2596,13.6,0.172,0.074,0.348,0.246,0.258,297
197,660271,"Ohtani, Shohei",2018,1455,13.5,0.193,0.127,0.413,0.32,0.256,181
233,660271,"Ohtani, Shohei",2019,1683,13.8,0.183,0.115,0.34,0.298,0.221,218
361,660271,"Ohtani, Shohei",2021,2594,13.9,0.138,0.2,0.241,0.338,0.25,320
267,660670,"Acuña Jr., Ronald",2018,1985,13.5,0.182,0.139,0.34,0.32,0.272,231
412,660670,"Acuña Jr., Ronald",2019,3048,13.5,0.179,0.121,0.325,0.3,0.256,363
183,660670,"Acuña Jr., Ronald",2021,1449,12.6,0.162,0.208,0.27,0.37,0.288,154
170,662139,"Varsho, Daulton",2021,1220,13.9,0.201,0.162,0.309,0.364,0.28,154
165,663586,"Riley, Austin",2019,1119,14.7,0.096,0.083,0.267,0.179,0.145,156
365,663586,"Riley, Austin",2021,2595,14.1,0.229,0.174,0.416,0.402,0.305,328
186,663616,"Larnach, Trevor",2021,1211,15.4,0.141,0.031,0.383,0.172,0.201,163
342,663624,"Mountcastle, Ryan",2021,2295,14.9,0.17,0.144,0.296,0.314,0.242,312
195,663647,"Hayes, Ke'Bryan",2021,1532,12.7,0.148,0.08,0.267,0.227,0.211,176
279,663656,"Tucker, Kyle",2021,2180,12.8,0.227,0.167,0.314,0.394,0.297,251
355,663697,"India, Jonathan",2021,2643,13.4,0.22,0.134,0.37,0.355,0.293,313
274,663757,"Grisham, Trent",2021,2168,12.6,0.151,0.109,0.27,0.261,0.236,238
192,663886,"Stephenson, Tyler",2021,1577,12.2,0.195,0.061,0.344,0.256,0.257,164
196,663898,"Rodgers, Brendan",2021,1513,13,0.209,0.104,0.365,0.313,0.252,182
347,663993,"Lowe, Nathaniel",2021,2691,12.9,0.184,0.072,0.374,0.257,0.249,304
288,664023,"Happ, Ian",2018,1917,15,0.123,0.103,0.347,0.226,0.23,243
321,664023,"Happ, Ian",2021,2250,14.3,0.146,0.139,0.27,0.285,0.243,281
310,664034,"France, Ty",2021,2394,12.9,0.214,0.089,0.333,0.303,0.274,271
199,664040,"Lowe, Brandon",2019,1311,15.2,0.177,0.105,0.455,0.282,0.236,181
331,664040,"Lowe, Brandon",2021,2339,14.2,0.174,0.167,0.342,0.341,0.269,293
255,664056,"Bader, Harrison",2018,1772,14.4,0.197,0.107,0.39,0.305,0.249,233
245,664056,"Bader, Harrison",2019,1735,14.1,0.114,0.059,0.231,0.173,0.17,220
228,664056,"Bader, Harrison",2021,1586,14.4,0.202,0.119,0.294,0.321,0.241,218
155,664058,"Fletcher, David",2018,1175,13.2,0.259,0.054,0.336,0.313,0.27,147
326,664058,"Fletcher, David",2019,2629,12.4,0.27,0.077,0.333,0.347,0.279,311
244,664058,"Fletcher, David",2021,2218,11,0.216,0.025,0.29,0.242,0.215,236
300,664068,"Kingery, Scott",2018,1964,15.3,0.191,0.104,0.327,0.295,0.226,288
294,664068,"Kingery, Scott",2019,1973,14.9,0.172,0.139,0.328,0.31,0.232,274
169,664238,"Moore, Dylan",2019,1162,14.5,0.124,0.078,0.293,0.203,0.189,153
238,664238,"Moore, Dylan",2021,1608,14.8,0.14,0.102,0.253,0.242,0.212,215
355,664702,"Straw, Myles",2021,2653,13.4,0.205,0.047,0.323,0.252,0.244,317
238,664761,"Bohm, Alec",2021,1673,14.2,0.181,0.074,0.343,0.256,0.23,215
212,664774,"Wade Jr., LaMonte",2021,1565,13.5,0.195,0.137,0.32,0.332,0.265,190
162,664913,"Brown, Seth",2021,1218,13.3,0.118,0.197,0.164,0.316,0.205,152
321,665120,"Walsh, Jared",2021,2256,14.2,0.208,0.148,0.377,0.356,0.265,298
193,665487,"Tatis Jr., Fernando",2019,1399,13.8,0.161,0.149,0.379,0.31,0.242,174
286,665487,"Tatis Jr., Fernando",2021,2141,13.4,0.171,0.167,0.351,0.337,0.259,258
248,665489,"Guerrero Jr., Vladimir",2019,1986,12.5,0.174,0.098,0.267,0.272,0.229,224
299,665489,"Guerrero Jr., Vladimir",2021,2509,11.9,0.171,0.139,0.256,0.31,0.279,252
267,665742,"Soto, Juan",2018,2031,13.1,0.212,0.15,0.331,0.363,0.312,226
364,665742,"Soto, Juan",2019,2788,13.1,0.197,0.175,0.295,0.372,0.3,309
309,665742,"Soto, Juan",2021,2601,11.9,0.193,0.128,0.266,0.321,0.314,243
304,665862,"Chisholm Jr., Jazz",2021,2040,14.9,0.183,0.118,0.343,0.301,0.226,289
180,666158,"Lux, Gavin",2021,1441,12.5,0.161,0.087,0.312,0.248,0.225,161
354,666182,"Bichette, Bo",2021,2609,13.6,0.195,0.065,0.313,0.26,0.212,339
354,666185,"Carlson, Dylan",2021,2530,14,0.176,0.115,0.305,0.292,0.253,312
283,666915,"Dalbec, Bobby",2021,1836,15.4,0.156,0.164,0.316,0.321,0.235,262
384,666969,"García, Adolis",2021,2508,15.3,0.171,0.157,0.299,0.328,0.23,363
182,666971,"Gurriel Jr., Lourdes",2019,1283,14.2,0.195,0.142,0.346,0.337,0.25,169
290,666971,"Gurriel Jr., Lourdes",2021,2072,14,0.213,0.119,0.317,0.332,0.259,268
352,668227,"Arozarena, Randy",2021,2479,14.2,0.181,0.083,0.373,0.263,0.241,315
265,668731,"Baddoo, Akil",2021,1880,14.1,0.193,0.08,0.386,0.273,0.249,238
272,668804,"Reynolds, Bryan",2019,2168,12.5,0.232,0.104,0.453,0.336,0.29,241
323,668804,"Reynolds, Bryan",2021,2493,13,0.207,0.163,0.327,0.37,0.304,276
322,668942,"Rojas, Josh",2021,2316,13.9,0.188,0.086,0.327,0.274,0.237,292
162,669016,"Marsh, Brandon",2021,1073,15.1,0.161,0.063,0.423,0.224,0.222,143
244,669221,"Murphy, Sean",2021,1694,14.4,0.107,0.098,0.194,0.205,0.195,215
220,669222,"Senzel, Nick",2019,1626,13.5,0.179,0.133,0.33,0.311,0.248,196
179,669242,"Edman, Tommy",2019,1375,13,0.225,0.142,0.32,0.367,0.27,169
338,669242,"Edman, Tommy",2021,2612,12.9,0.189,0.101,0.262,0.289,0.232,318
284,669256,"Solak, Nick",2021,2054,13.8,0.17,0.057,0.274,0.227,0.203,264
287,669257,"Smith, Will",2021,2080,13.8,0.206,0.152,0.301,0.358,0.3,243
195,669374,"Hiura, Keston",2019,1380,14.1,0.187,0.187,0.388,0.374,0.26,182
150,669374,"Hiura, Keston",2020,990,15.2,0.123,0.159,0.213,0.283,0.206,138
266,669720,"Hays, Austin",2021,1957,13.6,0.183,0.178,0.268,0.361,0.271,241
193,670032,"Lopez, Nicky",2019,1519,12.7,0.168,0.049,0.231,0.216,0.184,185
264,670032,"Lopez, Nicky",2021,2126,12.4,0.225,0.038,0.323,0.263,0.254,236
184,670541,"Alvarez, Yordan",2019,1494,12.3,0.184,0.184,0.349,0.368,0.271,163
324,670541,"Alvarez, Yordan",2021,2397,13.5,0.171,0.116,0.305,0.287,0.239,293
206,672284,"Kelenic, Jarred",2021,1477,13.9,0.11,0.126,0.2,0.236,0.208,182
173,673490,"Kim, Ha-Seong",2021,1183,14.6,0.141,0.115,0.22,0.256,0.212,156
192,676801,"McCormick, Chas",2021,1283,15,0.136,0.124,0.279,0.26,0.22,169
178,680777,"Jeffers, Ryan",2021,1198,14.9,0.117,0.086,0.3,0.204,0.186,162
240,683734,"Vaughn, Andrew",2021,1809,13.3,0.172,0.109,0.278,0.281,0.229,221